artist_name,album_name,track_name,album_release_year,danceability,energy,key,loudness,mode,speechiness,acousticness,instrumentalness,liveness,valence,tempo,time_signature,duration_ms
Taylor Swift,Evermore,willow,2020,0.392,0.574,7,-9.195,1,0.17,0.833,0.00179,0.145,0.529,81.112,4,214706
Taylor Swift,Evermore,champagne problems,2020,0.462,0.24,0,-12.077,1,0.0377,0.92,0,0.113,0.32,171.319,4,244000
Taylor Swift,Evermore,gold rush,2020,0.512,0.462,9,-10.491,1,0.0408,0.83,0.166,0.121,0.353,112.05,4,185320
Taylor Swift,Evermore,‘tis the damn season,2020,0.575,0.434,5,-8.193,1,0.0312,0.735,6.59e-5,0.105,0.348,145.916,4,229840
Taylor Swift,Evermore,tolerate it,2020,0.316,0.361,9,-10.381,1,0.0488,0.878,2.67e-5,0.0797,0.221,74.952,5,245440
Taylor Swift,Evermore,"no body, no crime (feat. HAIM)",2020,0.546,0.613,7,-7.589,0,0.0264,0.418,0,0.103,0.535,79.015,4,215626
Taylor Swift,Evermore,happiness,2020,0.559,0.334,11,-10.733,1,0.0376,0.87,0,0.114,0.211,122.079,4,315146
Taylor Swift,Evermore,dorothea,2020,0.605,0.488,4,-8.322,1,0.0264,0.696,0,0.129,0.354,119.966,4,225880
Taylor Swift,Evermore,coney island (feat. The National),2020,0.537,0.537,8,-11.266,1,0.0617,0.819,9.04e-4,0.142,0.292,107.895,4,275320
Taylor Swift,Evermore,ivy,2020,0.515,0.545,2,-9.277,1,0.0353,0.855,1.97e-5,0.0921,0.535,88.856,4,260440
Taylor Swift,Evermore,cowboy like me,2020,0.604,0.517,0,-9.014,1,0.0347,0.768,1.55e-4,0.123,0.511,127.967,4,275040
Taylor Swift,Evermore,long story short,2020,0.546,0.73,0,-7.704,1,0.0417,0.66,0.179,0.0972,0.573,157.895,4,215920
Taylor Swift,Evermore,marjorie,2020,0.535,0.561,5,-11.609,1,0.0484,0.876,1.36e-4,0.115,0.287,96.103,4,257773
Taylor Swift,Evermore,closure,2020,0.689,0.704,9,-10.813,1,0.245,0.835,4.83e-6,0.134,0.92,151.884,5,180653
Taylor Swift,Evermore,evermore (feat. Bon Iver),2020,0.39,0.27,1,-10.673,1,0.0308,0.937,0.00227,0.111,0.32,125.177,5,304106
Taylor Swift,Evermore,willow,2020,0.392,0.574,7,-9.195,1,0.17,0.833,0.00179,0.145,0.529,81.112,4,214706
Taylor Swift,Evermore,champagne problems,2020,0.462,0.24,0,-12.077,1,0.0377,0.92,0,0.113,0.32,171.319,4,244000
Taylor Swift,Evermore,gold rush,2020,0.512,0.462,9,-10.491,1,0.0408,0.83,0.166,0.121,0.353,112.05,4,185320
Taylor Swift,Evermore,‘tis the damn season,2020,0.575,0.434,5,-8.193,1,0.0312,0.735,6.59e-5,0.105,0.348,145.916,4,229840
Taylor Swift,Evermore,tolerate it,2020,0.316,0.361,9,-10.381,1,0.0488,0.878,2.67e-5,0.0797,0.221,74.952,5,245440
Taylor Swift,Evermore,"no body, no crime (feat. HAIM)",2020,0.546,0.613,7,-7.589,0,0.0264,0.418,0,0.103,0.535,79.015,4,215626
Taylor Swift,Evermore,happiness,2020,0.559,0.334,11,-10.733,1,0.0376,0.87,0,0.114,0.211,122.079,4,315146
Taylor Swift,Evermore,dorothea,2020,0.605,0.488,4,-8.322,1,0.0264,0.696,0,0.129,0.354,119.966,4,225880
Taylor Swift,Evermore,coney island (feat. The National),2020,0.537,0.537,8,-11.266,1,0.0617,0.819,9.04e-4,0.142,0.292,107.895,4,275320
Taylor Swift,Evermore,ivy,2020,0.515,0.545,2,-9.277,1,0.0353,0.855,1.97e-5,0.0921,0.535,88.856,4,260440
Taylor Swift,Evermore,cowboy like me,2020,0.604,0.517,0,-9.014,1,0.0347,0.768,1.55e-4,0.123,0.511,127.967,4,275040
Taylor Swift,Evermore,long story short,2020,0.546,0.73,0,-7.704,1,0.0417,0.66,0.179,0.0972,0.573,157.895,4,215920
Taylor Swift,Evermore,marjorie,2020,0.535,0.561,5,-11.609,1,0.0484,0.876,1.36e-4,0.115,0.287,96.103,4,257773
Taylor Swift,Evermore,closure,2020,0.689,0.704,9,-10.813,1,0.245,0.835,4.83e-6,0.134,0.92,151.884,5,180653
Taylor Swift,Evermore,evermore (feat. Bon Iver),2020,0.39,0.27,1,-10.673,1,0.0308,0.937,0.00227,0.111,0.32,125.177,5,304106
Taylor Swift,Evermore,willow,2020,0.392,0.579,7,-9.195,1,0.164,0.835,0.00179,0.145,0.549,80.961,4,214706
Taylor Swift,Evermore,champagne problems,2020,0.463,0.248,0,-12.036,1,0.0374,0.92,0,0.113,0.325,171.346,4,244000
Taylor Swift,Evermore,gold rush,2020,0.498,0.471,9,-10.406,1,0.0411,0.811,0.113,0.121,0.351,112.018,4,185320
Taylor Swift,Evermore,‘tis the damn season,2020,0.575,0.435,5,-8.193,1,0.0311,0.737,5.38e-5,0.105,0.351,145.91,4,229840
Taylor Swift,Evermore,tolerate it,2020,0.373,0.36,9,-10.376,1,0.0387,0.878,1.54e-5,0.079,0.212,147.442,5,245440
Taylor Swift,Evermore,"no body, no crime (feat. HAIM)",2020,0.547,0.613,7,-7.577,0,0.0264,0.431,0,0.102,0.528,79.011,4,215626
Taylor Swift,Evermore,happiness,2020,0.558,0.331,11,-10.649,1,0.0381,0.861,0,0.113,0.201,122.035,4,315146
Taylor Swift,Evermore,dorothea,2020,0.607,0.488,4,-8.329,1,0.0264,0.694,0,0.129,0.361,119.953,4,225880
Taylor Swift,Evermore,coney island (feat. The National),2020,0.529,0.536,8,-11.269,1,0.0627,0.826,8.2e-4,0.141,0.304,107.873,4,275320
Taylor Swift,Evermore,ivy,2020,0.329,0.547,2,-9.514,1,0.0397,0.848,1.11e-5,0.088,0.522,86.629,4,260440
Taylor Swift,Evermore,cowboy like me,2020,0.605,0.513,0,-8.962,1,0.0337,0.774,1.77e-4,0.123,0.512,127.986,4,275040
Taylor Swift,Evermore,long story short,2020,0.546,0.732,0,-7.715,1,0.0423,0.674,0.184,0.0972,0.571,157.893,4,215920
Taylor Swift,Evermore,marjorie,2020,0.535,0.562,5,-11.615,1,0.0479,0.878,1.32e-4,0.114,0.294,96.103,4,257773
Taylor Swift,Evermore,closure,2020,0.686,0.705,9,-10.823,1,0.249,0.832,4.55e-6,0.134,0.919,151.868,5,180653
Taylor Swift,Evermore,evermore (feat. Bon Iver),2020,0.395,0.27,1,-10.672,1,0.0309,0.937,0.00249,0.111,0.314,120.94,5,304106
Taylor Swift,Folklore,the 1,2020,0.777,0.357,0,-6.942,1,0.0522,0.757,7.28e-6,0.108,0.172,139.883,4,210251
Taylor Swift,Folklore,cardigan,2020,0.613,0.581,0,-8.588,0,0.0424,0.537,3.45e-4,0.25,0.551,130.033,4,239560
Taylor Swift,Folklore,the last great american dynasty,2020,0.686,0.662,7,-8.505,1,0.0413,0.467,0.0023,0.109,0.706,147.922,4,230999
Taylor Swift,Folklore,exile (feat. Bon Iver),2020,0.298,0.38,6,-8.426,1,0.0287,0.778,5.62e-5,0.11,0.152,75.602,4,285634
Taylor Swift,Folklore,my tears ricochet,2020,0.456,0.263,0,-10.63,1,0.0332,0.806,0,0.0749,0.111,129.86,4,255893
Taylor Swift,Folklore,mirrorball,2020,0.553,0.413,2,-10.037,1,0.0334,0.687,2.33e-6,0.0594,0.379,110.107,4,208977
Taylor Swift,Folklore,seven,2020,0.596,0.488,4,-10.769,1,0.0274,0.9,2.7e-5,0.091,0.415,94.926,4,208906
Taylor Swift,Folklore,august,2020,0.532,0.623,5,-9.208,1,0.0331,0.538,7.28e-5,0.0925,0.403,89.937,4,261922
Taylor Swift,Folklore,this is me trying,2020,0.515,0.476,9,-9.843,1,0.0328,0.314,4.74e-5,0.171,0.412,135.886,4,195097
Taylor Swift,Folklore,illicit affairs,2020,0.559,0.31,10,-10.445,1,0.0338,0.881,0,0.106,0.46,119.845,4,190898
Taylor Swift,Folklore,invisible string,2020,0.653,0.452,4,-11.143,0,0.055,0.838,7.73e-5,0.108,0.45,83.433,4,252880
Taylor Swift,Folklore,mad woman,2020,0.592,0.699,3,-8.995,1,0.0471,0.655,1.68e-5,0.114,0.506,141.916,4,237258
Taylor Swift,Folklore,epiphany,2020,0.354,0.267,1,-13.69,1,0.0281,0.731,4.02e-4,0.0858,0.113,94.219,4,289749
Taylor Swift,Folklore,betty,2020,0.593,0.377,0,-8.761,1,0.0253,0.6,0,0.0976,0.502,95.939,4,294521
Taylor Swift,Folklore,peace,2020,0.647,0.272,5,-12.906,1,0.0916,0.918,1.73e-5,0.0918,0.339,150.044,4,234000
Taylor Swift,Folklore,hoax,2020,0.662,0.181,8,-15.065,1,0.0415,0.966,3.86e-6,0.133,0.429,118.819,4,220042
Taylor Swift,Folklore,the 1,2020,0.765,0.348,0,-6.963,1,0.0579,0.764,1.01e-5,0.108,0.171,140.015,4,210251
Taylor Swift,Folklore,cardigan,2020,0.613,0.581,0,-8.588,0,0.0424,0.537,3.45e-4,0.25,0.551,130.033,4,239560
Taylor Swift,Folklore,the last great american dynasty,2020,0.684,0.661,7,-8.507,1,0.0407,0.473,0.00215,0.109,0.713,147.909,4,230999
Taylor Swift,Folklore,exile (feat. Bon Iver),2020,0.298,0.38,6,-8.426,1,0.0287,0.778,5.62e-5,0.11,0.152,75.602,4,285634
Taylor Swift,Folklore,my tears ricochet,2020,0.456,0.263,0,-10.63,1,0.0332,0.806,0,0.0749,0.111,129.86,4,255893
Taylor Swift,Folklore,mirrorball,2020,0.553,0.413,2,-10.037,1,0.0334,0.687,2.33e-6,0.0594,0.379,110.107,4,208977
Taylor Swift,Folklore,seven,2020,0.596,0.488,4,-10.769,1,0.0274,0.9,2.7e-5,0.091,0.415,94.926,4,208906
Taylor Swift,Folklore,august,2020,0.532,0.623,5,-9.208,1,0.0331,0.538,7.28e-5,0.0925,0.403,89.937,4,261922
Taylor Swift,Folklore,this is me trying,2020,0.515,0.476,9,-9.843,1,0.0328,0.314,4.74e-5,0.171,0.412,135.886,4,195097
Taylor Swift,Folklore,illicit affairs,2020,0.559,0.31,10,-10.445,1,0.0338,0.881,0,0.106,0.46,119.845,4,190898
Taylor Swift,Folklore,invisible string,2020,0.653,0.452,4,-11.143,0,0.055,0.838,7.73e-5,0.108,0.45,83.433,4,252880
Taylor Swift,Folklore,mad woman,2020,0.596,0.709,5,-8.938,0,0.0431,0.649,9.92e-6,0.114,0.533,141.978,4,237258
Taylor Swift,Folklore,epiphany,2020,0.354,0.267,1,-13.69,1,0.0281,0.731,4.02e-4,0.0858,0.113,94.219,4,289749
Taylor Swift,Folklore,betty,2020,0.59,0.379,0,-8.717,1,0.0255,0.544,0,0.0983,0.467,96.029,4,294521
Taylor Swift,Folklore,peace,2020,0.651,0.269,5,-12.912,1,0.0983,0.918,2.17e-5,0.0918,0.334,150.033,4,234000
Taylor Swift,Folklore,hoax,2020,0.662,0.181,8,-15.065,1,0.0415,0.966,3.86e-6,0.133,0.429,118.819,4,220042
Taylor Swift,Lover,I Forgot That You Existed,2019,0.664,0.316,5,-10.345,1,0.519,0.298,2.03e-6,0.0812,0.541,92.875,4,170640
Taylor Swift,Lover,Cruel Summer,2019,0.552,0.702,9,-5.707,1,0.157,0.117,2.06e-5,0.105,0.564,169.994,4,178426
Taylor Swift,Lover,Lover,2019,0.359,0.543,7,-7.582,1,0.0919,0.492,1.58e-5,0.118,0.453,68.534,4,221306
Taylor Swift,Lover,The Man,2019,0.777,0.658,0,-5.191,1,0.054,0.0767,0,0.0901,0.633,110.048,4,190360
Taylor Swift,Lover,The Archer,2019,0.292,0.574,0,-9.375,1,0.0401,0.12,0.00569,0.0663,0.166,124.344,4,211240
Taylor Swift,Lover,I Think He Knows,2019,0.897,0.366,0,-8.029,1,0.0569,0.00889,3.53e-4,0.0715,0.416,100.003,4,173386
Taylor Swift,Lover,Miss Americana & The Heartbreak Prince,2019,0.662,0.747,11,-6.926,0,0.0736,0.028,0.00615,0.138,0.487,150.088,4,234146
Taylor Swift,Lover,Paper Rings,2019,0.811,0.719,9,-6.553,1,0.0497,0.0129,1.36e-5,0.0742,0.865,103.979,4,222400
Taylor Swift,Lover,Cornelia Street,2019,0.824,0.624,0,-9.728,1,0.0827,0.781,1.89e-4,0.1,0.248,102.012,4,287266
Taylor Swift,Lover,Death By A Thousand Cuts,2019,0.712,0.732,4,-6.754,1,0.0629,0.454,0,0.319,0.313,94.071,4,198533
Taylor Swift,Lover,London Boy,2019,0.695,0.71,1,-6.639,1,0.05,0.0246,1.04e-4,0.133,0.557,157.925,4,190240
Taylor Swift,Lover,Soon You’ll Get Better (feat. The Chicks),2019,0.433,0.182,0,-12.566,1,0.0641,0.907,0,0.123,0.421,207.476,4,201586
Taylor Swift,Lover,False God,2019,0.739,0.32,11,-10.862,0,0.239,0.736,1.47e-4,0.111,0.351,79.97,4,200306
Taylor Swift,Lover,You Need To Calm Down,2019,0.771,0.671,2,-5.617,1,0.0553,0.00929,0,0.0637,0.714,85.026,4,171360
Taylor Swift,Lover,Afterglow,2019,0.756,0.449,9,-8.746,1,0.0344,0.13,0,0.114,0.399,111.011,4,223293
Taylor Swift,Lover,ME! (feat. Brendon Urie of Panic! At The Disco),2019,0.61,0.83,0,-4.105,1,0.0571,0.033,0,0.118,0.728,182.162,4,193000
Taylor Swift,Lover,It’s Nice To Have A Friend,2019,0.737,0.175,10,-9.912,1,0.0401,0.971,3.37e-4,0.171,0.545,70.008,4,150440
Taylor Swift,Lover,Daylight,2019,0.557,0.496,0,-9.602,1,0.0563,0.808,1.73e-4,0.0772,0.265,149.983,4,293453
Taylor Swift,Reputation,...Ready For It?,2017,0.613,0.764,2,-6.509,1,0.136,0.0527,0,0.197,0.417,160.015,4,208186
Taylor Swift,Reputation,End Game,2017,0.649,0.589,2,-6.237,1,0.0558,0.00845,0,0.108,0.151,159.073,4,244826
Taylor Swift,Reputation,I Did Something Bad,2017,0.696,0.602,0,-6.156,0,0.159,0.0679,2.11e-5,0.0696,0.305,82.989,4,238253
Taylor Swift,Reputation,Don’t Blame Me,2017,0.615,0.534,9,-6.719,0,0.0386,0.106,1.76e-5,0.0607,0.193,135.917,4,236413
Taylor Swift,Reputation,Delicate,2017,0.75,0.404,9,-10.178,0,0.0682,0.216,3.57e-4,0.0911,0.0499,95.045,4,232253
Taylor Swift,Reputation,Look What You Made Me Do,2017,0.766,0.709,9,-6.471,0,0.123,0.204,1.41e-5,0.126,0.506,128.07,4,211853
Taylor Swift,Reputation,So It Goes...,2017,0.574,0.61,2,-7.283,1,0.0732,0.122,1.1e-6,0.13,0.374,74.957,4,227906
Taylor Swift,Reputation,Gorgeous,2017,0.8,0.535,7,-6.684,1,0.135,0.0713,9.48e-6,0.213,0.451,92.027,4,209680
Taylor Swift,Reputation,Getaway Car,2017,0.562,0.689,2,-6.745,1,0.127,0.00465,2.23e-6,0.0888,0.351,172.054,4,233626
Taylor Swift,Reputation,King Of My Heart,2017,0.675,0.703,0,-7.902,1,0.0382,0.00882,2.21e-6,0.0391,0.314,110.01,4,214320
Taylor Swift,Reputation,Dancing With Our Hands Tied,2017,0.624,0.691,0,-6.686,0,0.196,0.0604,1.1e-5,0.138,0.284,160.024,4,211506
Taylor Swift,Reputation,Dress,2017,0.719,0.469,0,-8.792,1,0.0533,0.0329,0,0.169,0.0851,120.085,4,230373
Taylor Swift,Reputation,This Is Why We Can't Have Nice Things,2017,0.567,0.789,5,-5.986,1,0.115,0.0156,0,0.382,0.438,163.96,4,207133
Taylor Swift,Reputation,Call It What You Want,2017,0.598,0.504,9,-9.874,1,0.0731,0.186,2.21e-4,0.34,0.252,163.954,4,203506
Taylor Swift,Reputation,New Year’s Day,2017,0.661,0.151,0,-12.864,1,0.0354,0.921,0,0.13,0.23,94.922,4,235466
Taylor Swift,1989,Welcome To New York,2014,0.793,0.634,7,-4.807,1,0.0324,0.038,1.76e-6,0.304,0.615,117.023,4,212600
Taylor Swift,1989,Blank Space,2014,0.752,0.678,5,-5.421,1,0.0646,0.085,1.64e-6,0.13,0.583,96.009,4,231826
Taylor Swift,1989,Style,2014,0.598,0.786,2,-5.572,1,0.0382,0.00256,0.00143,0.117,0.456,95.021,4,231000
Taylor Swift,1989,Out Of The Woods,2014,0.552,0.841,7,-6.938,1,0.0372,0.00103,1.23e-5,0.337,0.342,91.993,4,235800
Taylor Swift,1989,All You Had To Do Was Stay,2014,0.602,0.735,5,-5.778,1,0.0337,0.00196,4.77e-5,0.105,0.472,96.969,4,193293
Taylor Swift,1989,Shake It Off,2014,0.648,0.785,7,-5.414,1,0.165,0.0561,0,0.148,0.943,160.02,4,219200
Taylor Swift,1989,I Wish You Would,2014,0.649,0.898,0,-5.963,1,0.0511,0.016,9.9e-5,0.109,0.503,118.027,4,207440
Taylor Swift,1989,Bad Blood,2014,0.652,0.802,7,-6.114,1,0.181,0.0871,6.45e-6,0.148,0.295,170.157,4,211933
Taylor Swift,1989,Wildest Dreams,2014,0.553,0.664,8,-7.417,1,0.0741,0.0709,0.0056,0.106,0.467,140.06,4,220440
Taylor Swift,1989,How You Get The Girl,2014,0.764,0.659,5,-6.136,1,0.0492,0.00463,0.00458,0.0915,0.525,119.982,4,247533
Taylor Swift,1989,This Love,2014,0.485,0.459,4,-8.768,1,0.0337,0.635,0,0.101,0.0858,71.981,4,250093
Taylor Swift,1989,I Know Places,2014,0.595,0.763,0,-4.991,1,0.0661,0.231,0,0.2,0.507,159.959,4,195706
Taylor Swift,1989,Clean,2014,0.81,0.38,4,-7.755,1,0.035,0.242,0,0.113,0.211,103.981,4,271000
Taylor Swift,1989,Welcome To New York,2014,0.793,0.634,7,-4.807,1,0.0324,0.038,1.76e-6,0.304,0.615,117.023,4,212600
Taylor Swift,1989,Blank Space,2014,0.752,0.678,5,-5.421,1,0.0646,0.085,1.64e-6,0.13,0.583,96.009,4,231826
Taylor Swift,1989,Style,2014,0.598,0.786,2,-5.572,1,0.0382,0.00256,0.00143,0.117,0.456,95.021,4,231000
Taylor Swift,1989,Out Of The Woods,2014,0.552,0.841,7,-6.938,1,0.0372,0.00103,1.23e-5,0.337,0.342,91.993,4,235800
Taylor Swift,1989,All You Had To Do Was Stay,2014,0.602,0.735,5,-5.778,1,0.0337,0.00196,4.77e-5,0.105,0.472,96.969,4,193293
Taylor Swift,1989,Shake It Off,2014,0.648,0.785,7,-5.414,1,0.165,0.0561,0,0.148,0.943,160.02,4,219200
Taylor Swift,1989,I Wish You Would,2014,0.649,0.898,0,-5.963,1,0.0511,0.016,9.9e-5,0.109,0.503,118.027,4,207440
Taylor Swift,1989,Bad Blood,2014,0.652,0.802,7,-6.114,1,0.181,0.0871,6.45e-6,0.148,0.295,170.157,4,211933
Taylor Swift,1989,Wildest Dreams,2014,0.553,0.664,8,-7.417,1,0.0741,0.0709,0.0056,0.106,0.467,140.06,4,220440
Taylor Swift,1989,How You Get The Girl,2014,0.764,0.659,5,-6.136,1,0.0492,0.00463,0.00458,0.0915,0.525,119.982,4,247533
Taylor Swift,1989,This Love,2014,0.485,0.459,4,-8.768,1,0.0337,0.635,0,0.101,0.0858,71.981,4,250093
Taylor Swift,1989,I Know Places,2014,0.595,0.763,0,-4.991,1,0.0661,0.231,0,0.2,0.507,159.959,4,195706
Taylor Swift,1989,Clean,2014,0.81,0.38,4,-7.755,1,0.035,0.242,0,0.113,0.211,103.981,4,271000
Taylor Swift,1989,Welcome To New York,2014,0.793,0.634,7,-4.807,1,0.0324,0.038,1.76e-6,0.304,0.615,117.023,4,212600
Taylor Swift,1989,Blank Space,2014,0.752,0.678,5,-5.421,1,0.0646,0.085,1.64e-6,0.13,0.583,96.009,4,231826
Taylor Swift,1989,Style,2014,0.598,0.786,2,-5.572,1,0.0382,0.00256,0.00143,0.117,0.456,95.021,4,231000
Taylor Swift,1989,Out Of The Woods,2014,0.552,0.841,7,-6.938,1,0.0372,0.00103,1.23e-5,0.337,0.342,91.993,4,235800
Taylor Swift,1989,All You Had To Do Was Stay,2014,0.602,0.735,5,-5.778,1,0.0337,0.00196,4.77e-5,0.105,0.472,96.969,4,193293
Taylor Swift,1989,Shake It Off,2014,0.648,0.785,7,-5.414,1,0.165,0.0561,0,0.148,0.943,160.02,4,219200
Taylor Swift,1989,I Wish You Would,2014,0.649,0.898,0,-5.963,1,0.0511,0.016,9.9e-5,0.109,0.503,118.027,4,207440
Taylor Swift,1989,Bad Blood,2014,0.652,0.802,7,-6.114,1,0.181,0.0871,6.45e-6,0.148,0.295,170.157,4,211933
Taylor Swift,1989,Wildest Dreams,2014,0.553,0.664,8,-7.417,1,0.0741,0.0709,0.0056,0.106,0.467,140.06,4,220440
Taylor Swift,1989,How You Get The Girl,2014,0.764,0.659,5,-6.136,1,0.0492,0.00463,0.00458,0.0915,0.525,119.982,4,247533
Taylor Swift,1989,This Love,2014,0.485,0.459,4,-8.768,1,0.0337,0.635,0,0.101,0.0858,71.981,4,250093
Taylor Swift,1989,I Know Places,2014,0.595,0.763,0,-4.991,1,0.0661,0.231,0,0.2,0.507,159.959,4,195706
Taylor Swift,1989,Clean,2014,0.81,0.38,4,-7.755,1,0.035,0.242,0,0.113,0.211,103.981,4,271000
Taylor Swift,Red,State Of Grace,2012,0.588,0.825,4,-5.882,1,0.0328,1.97e-4,0.00138,0.0885,0.397,129.968,4,295186
Taylor Swift,Red,Red,2012,0.602,0.896,1,-4.267,0,0.0437,0.0773,8.87e-5,0.091,0.641,124.978,4,220826
Taylor Swift,Red,Treacherous,2012,0.705,0.621,2,-8.086,1,0.0334,0.101,4.3e-6,0.147,0.395,109.993,4,240773
Taylor Swift,Red,I Knew You Were Trouble.,2012,0.622,0.469,3,-6.798,0,0.0363,0.00454,2.25e-6,0.0398,0.679,77.019,4,217973
Taylor Swift,Red,All Too Well,2012,0.602,0.609,0,-7.803,1,0.0243,0.0382,2e-4,0.127,0.337,93.06,4,327893
Taylor Swift,Red,22,2012,0.658,0.729,7,-6.561,1,0.0378,0.00215,0.0013,0.0752,0.668,104.007,4,230133
Taylor Swift,Red,I Almost Do,2012,0.567,0.481,4,-7.357,1,0.027,0.0173,4.13e-5,0.182,0.233,145.865,4,242573
Taylor Swift,Red,We Are Never Ever Getting Back Together,2012,0.628,0.676,7,-5.911,1,0.0916,0.00957,2.65e-5,0.102,0.75,85.984,4,191880
Taylor Swift,Red,Stay Stay Stay,2012,0.729,0.748,0,-6.67,1,0.0245,0.307,1.29e-6,0.09,0.928,99.981,4,204826
Taylor Swift,Red,The Last Time,2012,0.505,0.443,2,-7.039,1,0.0276,0.035,3.15e-6,0.0921,0.123,94.069,4,298293
Taylor Swift,Red,Holy Ground,2012,0.627,0.816,4,-6.698,1,0.0774,0.0162,0.00208,0.0966,0.648,157.043,4,201853
Taylor Swift,Red,Sad Beautiful Tragic,2012,0.624,0.34,7,-12.411,1,0.029,0.632,0.0337,0.121,0.261,129.987,3,283680
Taylor Swift,Red,The Lucky One,2012,0.706,0.499,4,-7.675,1,0.0369,0.0371,0,0.132,0.545,117.937,4,240133
Taylor Swift,Red,Everything Has Changed,2012,0.624,0.458,6,-6.755,1,0.0287,0.36,3.89e-6,0.303,0.436,80.017,4,243933
Taylor Swift,Red,Starlight,2012,0.649,0.777,9,-5.804,1,0.0406,0.0213,3.35e-4,0.221,0.587,126.018,4,217826
Taylor Swift,Red,Begin Again,2012,0.53,0.526,7,-8.349,1,0.0263,0.199,3.52e-6,0.232,0.323,79.025,4,237613
Taylor Swift,Red,State Of Grace - Karaoke Version,2012,0.545,0.886,4,-7.44,1,0.0358,3.3e-5,0.885,0.0888,0.223,129.986,4,298070
Taylor Swift,Red,Red - Karaoke Version,2012,0.611,0.871,1,-6.24,0,0.0313,0.00174,0.369,0.0914,0.675,124.997,4,223698
Taylor Swift,Red,Treacherous - Karaoke Version,2012,0.685,0.645,2,-10.147,1,0.026,0.00516,0.46,0.129,0.406,110.015,4,243643
Taylor Swift,Red,I Knew You Were Trouble. - Karaoke Version,2012,0.686,0.353,3,-8.935,0,0.0466,8.86e-4,0.0694,0.0456,0.558,77.018,4,220852
Taylor Swift,Red,All Too Well - Karaoke Version,2012,0.597,0.64,0,-10.02,1,0.0281,0.00669,0.745,0.148,0.298,93.004,4,330766
Taylor Swift,Red,22 - Karaoke Version,2012,0.619,0.693,7,-8.138,1,0.0325,7.89e-5,0.739,0.0621,0.647,103.998,4,233003
Taylor Swift,Red,I Almost Do - Karaoke Version,2012,0.576,0.493,4,-9.318,1,0.0306,0.0144,0.704,0.148,0.183,146.065,4,245451
Taylor Swift,Red,We Are Never Ever Getting Back Together - Karaoke Version,2012,0.59,0.574,7,-8.42,1,0.0375,1.37e-4,0.716,0.0483,0.571,85.977,4,194706
Taylor Swift,Red,Stay Stay Stay - Karaoke Version,2012,0.625,0.823,0,-8.443,1,0.0326,0.167,0.431,0.102,0.75,99.991,4,207693
Taylor Swift,Red,The Last Time - Karaoke Version,2012,0.462,0.418,2,-9.971,1,0.0328,0.00167,0.696,0.102,0.105,94.009,4,301172
Taylor Swift,Red,Holy Ground - Karaoke Version,2012,0.628,0.767,4,-8.401,1,0.0492,0.0028,0.743,0.0892,0.675,157.03,4,204688
Taylor Swift,Red,Sad Beautiful Tragic - Karaoke Version,2012,0.668,0.359,7,-13.971,1,0.0322,0.611,0.802,0.078,0.285,129.997,3,286552
Taylor Swift,Red,The Lucky One - Karaoke Version,2012,0.83,0.399,4,-10.846,1,0.0549,0.00856,0.761,0.194,0.557,117.981,4,242951
Taylor Swift,Red,Everything Has Changed - Karaoke Version,2012,0.578,0.476,6,-10.418,1,0.065,0.123,0.746,0.345,0.283,79.987,4,246807
Taylor Swift,Red,Starlight - Karaoke Version,2012,0.606,0.668,4,-7.887,1,0.0302,6.86e-4,0.835,0.238,0.452,126.023,4,220645
Taylor Swift,Red,Begin Again - Karaoke Version,2012,0.456,0.537,7,-10.591,1,0.0282,0.0564,0.918,0.111,0.375,78.981,4,237600
Taylor Swift,Speak Now,Mine,2010,0.624,0.757,7,-2.94,1,0.0296,0.00265,1.87e-6,0.189,0.658,121.07,4,230706
Taylor Swift,Speak Now,Sparks Fly,2010,0.605,0.787,5,-3.002,1,0.0308,0.0396,1.42e-6,0.163,0.374,114.987,4,260933
Taylor Swift,Speak Now,Back To December,2010,0.529,0.67,2,-4.663,1,0.0303,0.117,0,0.334,0.286,141.893,4,293026
Taylor Swift,Speak Now,Speak Now,2010,0.709,0.599,7,-3.734,1,0.0304,0.095,0,0.0973,0.735,118.975,4,240760
Taylor Swift,Speak Now,Dear John,2010,0.589,0.47,4,-5.32,1,0.028,0.166,1.45e-6,0.112,0.102,119.386,3,403920
Taylor Swift,Speak Now,Mean,2010,0.568,0.761,4,-3.987,1,0.0459,0.452,0,0.217,0.789,163.974,4,237733
Taylor Swift,Speak Now,The Story Of Us,2010,0.543,0.818,4,-3.611,1,0.0398,0.00478,3.68e-4,0.0357,0.683,139.898,4,265666
Taylor Swift,Speak Now,Never Grow Up,2010,0.714,0.305,2,-8.837,1,0.0305,0.819,0,0.174,0.554,124.91,4,290466
Taylor Swift,Speak Now,Enchanted,2010,0.455,0.623,8,-3.878,1,0.0288,0.0739,4.24e-4,0.146,0.208,163.893,4,352186
Taylor Swift,Speak Now,Better Than Revenge,2010,0.516,0.917,11,-3.186,0,0.0827,0.0139,6.37e-6,0.36,0.635,145.821,4,217160
Taylor Swift,Speak Now,Innocent,2010,0.552,0.608,1,-5.29,0,0.0259,0.186,0,0.125,0.17,134.05,4,302253
Taylor Swift,Speak Now,Haunted,2010,0.436,0.95,5,-2.627,1,0.057,0.0826,1.08e-6,0.149,0.352,162.088,4,242080
Taylor Swift,Speak Now,Last Kiss,2010,0.371,0.341,10,-9.475,1,0.0319,0.57,3.09e-5,0.101,0.196,89.038,1,367133
Taylor Swift,Speak Now,Long Live,2010,0.418,0.68,7,-4.3,1,0.0346,0.036,7.59e-5,0.108,0.142,204.125,4,317946
Taylor Swift,Speak Now,Mine - POP Mix,2010,0.696,0.768,7,-3.863,1,0.0308,0.00461,1.21e-6,0.101,0.692,121.05,4,230546
Taylor Swift,Speak Now,Sparks Fly,2010,0.608,0.785,5,-2.976,1,0.0311,0.0387,0,0.158,0.376,114.985,4,260946
Taylor Swift,Speak Now,Back To December,2010,0.517,0.606,2,-5.797,1,0.0289,0.0202,0,0.324,0.296,141.929,4,293040
Taylor Swift,Speak Now,Speak Now,2010,0.708,0.601,7,-3.75,1,0.0306,0.101,0,0.0979,0.742,118.962,4,240773
Taylor Swift,Speak Now,Dear John,2010,0.583,0.468,4,-5.378,1,0.0278,0.183,1.65e-6,0.111,0.126,119.375,3,403933
Taylor Swift,Speak Now,Mean,2010,0.57,0.747,4,-3.978,1,0.0426,0.445,0,0.219,0.808,164.004,4,237746
Taylor Swift,Speak Now,The Story Of Us,2010,0.575,0.855,9,-4.827,1,0.0467,3.15e-4,0.00161,0.0419,0.84,139.92,4,265680
Taylor Swift,Speak Now,Never Grow Up,2010,0.715,0.308,2,-8.829,1,0.0305,0.829,0,0.16,0.547,124.899,4,290480
Taylor Swift,Speak Now,Enchanted,2010,0.535,0.618,8,-3.913,1,0.0273,0.0716,3.88e-4,0.169,0.228,81.975,4,352200
Taylor Swift,Speak Now,Better Than Revenge,2010,0.519,0.917,11,-3.185,0,0.0887,0.0167,2.06e-5,0.359,0.652,145.882,4,217173
Taylor Swift,Speak Now,Innocent,2010,0.553,0.604,1,-5.295,0,0.0258,0.202,0,0.125,0.186,133.989,4,302266
Taylor Swift,Speak Now,Haunted,2010,0.434,0.944,5,-2.641,1,0.0581,0.0769,0,0.151,0.361,162.02,4,242093
Taylor Swift,Speak Now,Last Kiss,2010,0.359,0.329,10,-9.531,1,0.0293,0.581,3.75e-5,0.0979,0.208,84.358,3,367146
Taylor Swift,Speak Now,Long Live,2010,0.412,0.682,7,-4.319,1,0.0339,0.0426,7.47e-5,0.106,0.146,203.959,4,317960
Taylor Swift,Fearless,Fearless,2008,0.598,0.705,5,-4.394,1,0.0275,0.037,0,0.304,0.433,100.019,4,242826
Taylor Swift,Fearless,Fifteen,2008,0.56,0.636,7,-4.453,1,0.0262,0.0602,0,0.148,0.209,95.431,4,294880
Taylor Swift,Fearless,Love Story,2008,0.622,0.637,2,-5.401,1,0.0289,0.021,1.44e-4,0.189,0.291,119.054,4,234213
Taylor Swift,Fearless,Hey Stephen,2008,0.843,0.555,6,-7.359,1,0.0316,0.177,1.34e-6,0.0977,0.815,116.001,4,254826
Taylor Swift,Fearless,White Horse,2008,0.578,0.349,0,-8.025,1,0.0257,0.318,0,0.1,0.247,92.354,4,234906
Taylor Swift,Fearless,You Belong With Me,2008,0.688,0.765,6,-4.451,1,0.0387,0.16,1.78e-5,0.103,0.431,129.967,4,231453
Taylor Swift,Fearless,Breathe,2008,0.491,0.479,1,-7.396,1,0.0269,0.395,0,0.122,0.16,148.305,4,264373
Taylor Swift,Fearless,Tell Me Why,2008,0.606,0.85,7,-3.057,1,0.038,0.0689,2.96e-6,0.363,0.512,99.978,4,200906
Taylor Swift,Fearless,You're Not Sorry,2008,0.467,0.456,6,-4.155,1,0.0271,0.158,0,0.111,0.252,134.059,4,262173
Taylor Swift,Fearless,The Way I Loved You,2008,0.433,0.723,5,-3.751,1,0.0352,0.0345,0,0.125,0.406,160.92,4,244573
Taylor Swift,Fearless,Forever & Always,2008,0.607,0.826,10,-4.989,1,0.0584,0.0767,0,0.104,0.501,128.048,4,225786
Taylor Swift,Fearless,The Best Day,2008,0.667,0.447,1,-8.572,1,0.0285,0.637,4.65e-6,0.138,0.36,126.189,4,245666
Taylor Swift,Fearless,Change,2008,0.536,0.768,5,-4.157,1,0.0361,0.00454,0,0.106,0.237,95.996,4,280333
Taylor Swift,Fearless,Our Song,2008,0.504,0.7,2,-4.826,1,0.0326,0.00623,1.24e-6,0.342,0.63,177.822,4,200200
Taylor Swift,Fearless,Teardrops On My Guitar,2008,0.513,0.547,10,-6.289,1,0.0257,0.017,0.00637,0.117,0.154,99.942,4,194720
Taylor Swift,Fearless,Should've Said No,2008,0.4,0.762,4,-4.411,0,0.039,0.00588,9.59e-5,0.277,0.437,168.137,4,244333
Taylor Swift,Fearless,Beautiful Eyes,2008,0.529,0.7,3,-3.303,1,0.026,0.383,0,0.0967,0.372,96.019,4,179240
Taylor Swift,Fearless,Picture To Burn - Radio Edit,2008,0.661,0.859,7,-2.445,1,0.0315,0.0803,0,0.0926,0.802,105.583,4,173333
Taylor Swift,Fearless,I'm Only Me When I'm With You,2008,0.557,0.935,8,-3.694,1,0.0675,0.00498,6.11e-4,0.101,0.543,143.997,4,214320
Taylor Swift,Fearless,I Heart ?,2008,0.706,0.818,7,-3.335,1,0.0267,0.0472,0,0.327,0.64,105.995,4,197346
Taylor Swift,Fearless,Fearless,2008,0.403,0.699,5,-4.412,1,0.0352,0.0393,0,0.303,0.448,200.056,4,243400
Taylor Swift,Fearless,Fifteen,2008,0.558,0.634,7,-4.437,1,0.0267,0.0665,0,0.145,0.208,95.349,4,295213
Taylor Swift,Fearless,Love Story,2008,0.618,0.637,2,-5.412,1,0.0289,0.0198,7.99e-5,0.169,0.269,119.056,4,234706
Taylor Swift,Fearless,Hey Stephen,2008,0.841,0.543,6,-7.338,1,0.0315,0.181,2.24e-6,0.0903,0.827,115.994,4,256053
Taylor Swift,Fearless,White Horse,2008,0.582,0.334,0,-8.035,1,0.026,0.272,0,0.102,0.231,92.71,4,235426
Taylor Swift,Fearless,You Belong With Me,2008,0.69,0.774,6,-4.467,1,0.039,0.17,1.64e-5,0.102,0.414,129.98,4,232120
Taylor Swift,Fearless,Breathe,2008,0.487,0.476,1,-7.385,1,0.0279,0.388,0,0.135,0.156,147.913,4,264973
Taylor Swift,Fearless,Tell Me Why,2008,0.607,0.854,7,-3.079,1,0.0386,0.0667,2.75e-6,0.356,0.492,99.989,4,201506
Taylor Swift,Fearless,You're Not Sorry,2008,0.469,0.46,6,-4.098,1,0.0273,0.141,1.39e-6,0.113,0.302,133.956,4,263240
Taylor Swift,Fearless,The Way I Loved You,2008,0.434,0.719,5,-3.715,1,0.0331,0.0393,0,0.113,0.419,160.92,4,245400
Taylor Swift,Fearless,Forever & Always,2008,0.603,0.811,10,-4.98,1,0.0532,0.0883,0,0.101,0.529,128.007,4,226333
Taylor Swift,Fearless,The Best Day,2008,0.668,0.448,1,-8.566,1,0.0286,0.639,4.06e-6,0.14,0.383,126.074,4,246320
Taylor Swift,Fearless,Change,2008,0.547,0.763,5,-4.206,1,0.0375,0.00418,0,0.107,0.231,96.018,4,280293
Taylor Swift,Fearless,Our Song,2008,0.522,0.691,2,-4.825,1,0.0307,0.00609,0,0.249,0.651,177.865,4,201106
Taylor Swift,Fearless,Teardrops On My Guitar,2008,0.514,0.554,10,-6.338,1,0.0258,0.0174,0.00572,0.118,0.171,99.947,4,194653
Taylor Swift,Fearless,Should've Said No,2008,0.405,0.758,4,-4.385,0,0.0376,0.00585,2.9e-4,0.246,0.444,168.077,4,245826
Taylor Swift,Fearless,Love Story - J Stax Radio Mix,2008,0.696,0.827,9,-6.464,1,0.0313,0.00664,0.0031,0.297,0.324,127.997,4,221800
Taylor Swift,Fearless,Fearless,2008,0.594,0.712,5,-4.418,1,0.0273,0.04,0,0.309,0.476,99.972,4,241986
Taylor Swift,Fearless,Fifteen,2008,0.556,0.651,7,-4.396,1,0.0266,0.067,0,0.145,0.203,95.485,4,294333
Taylor Swift,Fearless,Love Story,2008,0.618,0.741,2,-3.95,1,0.031,0.17,0,0.0822,0.296,118.984,4,235266
Taylor Swift,Fearless,Hey Stephen,2008,0.841,0.544,6,-7.347,1,0.0309,0.194,2.48e-6,0.108,0.831,115.994,4,254306
Taylor Swift,Fearless,White Horse,2008,0.578,0.34,0,-8.027,1,0.0264,0.305,0,0.104,0.223,92.702,4,234426
Taylor Swift,Fearless,You Belong With Me,2008,0.687,0.783,6,-4.44,1,0.0386,0.162,1.35e-5,0.114,0.443,129.964,4,231133
Taylor Swift,Fearless,Breathe,2008,0.505,0.482,1,-7.372,1,0.0276,0.379,0,0.113,0.184,73.975,4,263973
Taylor Swift,Fearless,Tell Me Why,2008,0.604,0.855,7,-3.097,1,0.038,0.0571,3.65e-6,0.343,0.51,99.96,4,200546
Taylor Swift,Fearless,You're Not Sorry,2008,0.475,0.452,6,-4.134,1,0.027,0.146,1.36e-6,0.108,0.276,133.959,4,261786
Taylor Swift,Fearless,The Way I Loved You,2008,0.433,0.7,5,-3.709,1,0.0336,0.0408,0,0.115,0.398,160.927,4,244226
Taylor Swift,Fearless,Forever & Always,2008,0.608,0.821,10,-4.985,1,0.0576,0.0752,0,0.11,0.544,128.042,4,225320
Taylor Swift,Fearless,The Best Day,2008,0.666,0.434,1,-8.543,1,0.0289,0.647,1.95e-6,0.124,0.396,126.084,4,245333
Taylor Swift,Fearless,Change,2008,0.541,0.77,5,-4.17,1,0.0354,0.00408,0,0.117,0.215,96.013,4,280240
Taylor Swift,Fearless,Fearless,2008,0.591,0.703,5,-4.376,1,0.0279,0.0365,0,0.307,0.442,100.036,4,243093
Taylor Swift,Fearless,Fifteen,2008,0.559,0.627,7,-4.469,1,0.0264,0.0647,0,0.137,0.204,95.452,4,295333
Taylor Swift,Fearless,Love Story,2008,0.616,0.738,2,-3.941,1,0.0311,0.153,0,0.0769,0.3,118.994,4,236253
Taylor Swift,Fearless,Hey Stephen,2008,0.842,0.554,6,-7.355,1,0.0317,0.176,3.49e-6,0.0911,0.805,116.009,4,256053
Taylor Swift,Fearless,White Horse,2008,0.581,0.342,0,-8.022,1,0.0259,0.286,0,0.101,0.212,92.166,4,235400
Taylor Swift,Fearless,You Belong With Me,2008,0.687,0.755,6,-4.426,1,0.0385,0.157,1.09e-5,0.093,0.45,129.973,4,232120
Taylor Swift,Fearless,Breathe,2008,0.497,0.48,1,-7.374,1,0.0269,0.377,0,0.118,0.169,147.96,4,264946
Taylor Swift,Fearless,Tell Me Why,2008,0.603,0.839,7,-3.111,1,0.0384,0.0542,3.36e-6,0.353,0.49,100.074,4,201533
Taylor Swift,Fearless,You're Not Sorry,2008,0.478,0.45,6,-4.153,1,0.0269,0.166,1.79e-6,0.114,0.273,133.932,4,263200
Taylor Swift,Fearless,The Way I Loved You,2008,0.446,0.705,5,-3.706,1,0.0335,0.0322,0,0.11,0.416,160.933,4,245426
Taylor Swift,Fearless,Forever & Always,2008,0.604,0.828,10,-4.976,1,0.0629,0.0871,0,0.106,0.515,128.024,4,226293
Taylor Swift,Fearless,The Best Day,2008,0.665,0.445,1,-8.519,1,0.0288,0.636,3.71e-6,0.131,0.402,126.093,4,246320
Taylor Swift,Fearless,Change,2008,0.541,0.753,5,-4.24,1,0.0373,0.00414,0,0.111,0.219,95.953,4,280533
Taylor Swift,Taylor Swift,Tim McGraw,2006,0.58,0.491,0,-6.462,1,0.0251,0.575,0,0.121,0.425,76.009,4,232106
Taylor Swift,Taylor Swift,Picture To Burn,2006,0.658,0.877,7,-2.098,1,0.0323,0.173,0,0.0962,0.821,105.586,4,173066
Taylor Swift,Taylor Swift,Teardrops On My Guitar - Radio Single Remix,2006,0.621,0.417,10,-6.941,1,0.0231,0.288,0,0.119,0.289,99.953,4,203040
Taylor Swift,Taylor Swift,A Place in this World,2006,0.576,0.777,9,-2.881,1,0.0324,0.051,0,0.32,0.428,115.028,4,199200
Taylor Swift,Taylor Swift,Cold As You,2006,0.418,0.482,5,-5.769,1,0.0266,0.217,0,0.123,0.261,175.558,4,239013
Taylor Swift,Taylor Swift,The Outside,2006,0.589,0.805,5,-4.055,1,0.0293,0.00491,0,0.24,0.591,112.982,4,207106
Taylor Swift,Taylor Swift,Tied Together with a Smile,2006,0.479,0.578,2,-4.963,1,0.0294,0.525,0,0.0841,0.192,146.165,4,248106
Taylor Swift,Taylor Swift,Stay Beautiful,2006,0.594,0.629,8,-4.919,1,0.0246,0.0868,0,0.137,0.504,131.597,4,236053
Taylor Swift,Taylor Swift,Should've Said No,2006,0.476,0.777,4,-3.771,0,0.0289,0.0103,0,0.196,0.472,167.964,4,242200
Taylor Swift,Taylor Swift,Mary's Song (Oh My My My),2006,0.403,0.627,2,-5.28,1,0.0292,0.0177,0,0.182,0.374,74.9,4,213080
Taylor Swift,Taylor Swift,Our Song,2006,0.668,0.672,2,-4.931,1,0.0303,0.111,0,0.329,0.539,89.011,4,201106
Taylor Swift,Taylor Swift,I'm Only Me When I'm With You,2006,0.563,0.934,8,-3.629,1,0.0646,0.00452,8.07e-4,0.103,0.518,143.964,4,213053
Taylor Swift,Taylor Swift,Invisible,2006,0.612,0.394,7,-5.723,1,0.0243,0.637,0,0.147,0.233,96.001,4,203226
Taylor Swift,Taylor Swift,A Perfectly Good Heart,2006,0.483,0.751,4,-5.726,1,0.0365,0.00349,0,0.128,0.268,156.092,4,220146
Taylor Swift,Taylor Swift,Teardrops on My Guitar - Pop Version,2006,0.459,0.753,10,-3.827,1,0.0537,0.0402,0,0.0863,0.483,199.997,4,179066
Taylor Swift,Taylor Swift,Tim McGraw,2006,0.58,0.491,0,-6.462,1,0.0251,0.575,0,0.121,0.425,76.009,4,232106
Taylor Swift,Taylor Swift,Picture To Burn,2006,0.658,0.877,7,-2.098,1,0.0323,0.173,0,0.0962,0.821,105.586,4,173066
Taylor Swift,Taylor Swift,Teardrops On My Guitar - Radio Single Remix,2006,0.621,0.417,10,-6.941,1,0.0231,0.288,0,0.119,0.289,99.953,4,203040
Taylor Swift,Taylor Swift,A Place in this World,2006,0.576,0.777,9,-2.881,1,0.0324,0.051,0,0.32,0.428,115.028,4,199200
Taylor Swift,Taylor Swift,Cold As You,2006,0.418,0.482,5,-5.769,1,0.0266,0.217,0,0.123,0.261,175.558,4,239013
Taylor Swift,Taylor Swift,The Outside,2006,0.589,0.805,5,-4.055,1,0.0293,0.00491,0,0.24,0.591,112.982,4,207106
Taylor Swift,Taylor Swift,Tied Together with a Smile,2006,0.479,0.578,2,-4.963,1,0.0294,0.525,0,0.0841,0.192,146.165,4,248106
Taylor Swift,Taylor Swift,Stay Beautiful,2006,0.594,0.629,8,-4.919,1,0.0246,0.0868,0,0.137,0.504,131.597,4,236053
Taylor Swift,Taylor Swift,Should've Said No,2006,0.476,0.777,4,-3.771,0,0.0289,0.0103,0,0.196,0.472,167.964,4,242200
Taylor Swift,Taylor Swift,Mary's Song (Oh My My My),2006,0.403,0.627,2,-5.28,1,0.0292,0.0177,0,0.182,0.374,74.9,4,213080
Taylor Swift,Taylor Swift,Our Song,2006,0.668,0.672,2,-4.931,1,0.0303,0.111,0,0.329,0.539,89.011,4,201106
Taylor Swift,Taylor Swift,I'm Only Me When I'm With You,2006,0.563,0.934,8,-3.629,1,0.0646,0.00452,8.07e-4,0.103,0.518,143.964,4,213053
Taylor Swift,Taylor Swift,Invisible,2006,0.612,0.394,7,-5.723,1,0.0243,0.637,0,0.147,0.233,96.001,4,203226
Taylor Swift,Taylor Swift,A Perfectly Good Heart,2006,0.483,0.751,4,-5.726,1,0.0365,0.00349,0,0.128,0.268,156.092,4,220146
Taylor Swift,Taylor Swift,Teardrops on My Guitar - Pop Version,2006,0.459,0.753,10,-3.827,1,0.0537,0.0402,0,0.0863,0.483,199.997,4,179066
Iron Maiden,The Book of Souls,If Eternity Should Fail,2015,0.291,0.868,7,-6.499,1,0.0611,0.00679,4.13e-4,0.118,0.149,117.931,4,508207
Iron Maiden,The Book of Souls,Speed of Light,2015,0.176,0.974,7,-5.778,0,0.132,4.19e-4,2.62e-5,0.107,0.334,185.491,4,301745
Iron Maiden,The Book of Souls,The Great Unknown,2015,0.211,0.897,2,-6.629,1,0.201,0.0195,1.89e-4,0.108,0.0702,92.082,4,397655
Iron Maiden,The Book of Souls,The Red and the Black,2015,0.275,0.932,4,-5.54,0,0.0865,0.00176,0.109,0.116,0.377,114.008,4,813713
Iron Maiden,The Book of Souls,When the River Runs Deep,2015,0.271,0.947,9,-5.424,1,0.0749,0.00252,3.21e-5,0.119,0.393,128.747,4,352882
Iron Maiden,The Book of Souls,The Book of Souls,2015,0.198,0.935,4,-5.505,0,0.0968,0.00383,8.16e-5,0.102,0.359,80.875,4,627626
Iron Maiden,The Book of Souls,Death or Glory,2015,0.181,0.974,9,-5.493,1,0.162,3.65e-4,3.47e-5,0.364,0.316,176.088,4,312867
Iron Maiden,The Book of Souls,Shadows of the Valley,2015,0.231,0.977,4,-4.918,0,0.11,0.00174,3.84e-5,0.111,0.284,149.675,4,452478
Iron Maiden,The Book of Souls,Tears of a Clown,2015,0.311,0.874,9,-5.327,0,0.0449,0.00696,1.17e-5,0.0861,0.503,95.194,4,298886
Iron Maiden,The Book of Souls,The Man of Sorrows,2015,0.441,0.78,2,-5.488,0,0.0418,0.0242,6.34e-5,0.23,0.291,110.18,4,387542
Iron Maiden,The Book of Souls,Empire of the Clouds,2015,0.249,0.789,4,-6.15,0,0.0496,0.0165,0.00239,0.104,0.19,76.293,4,1081316
Iron Maiden,The Book of Souls,If Eternity Should Fail,2015,0.291,0.868,7,-6.499,1,0.0611,0.00679,4.13e-4,0.118,0.149,117.931,4,508207
Iron Maiden,The Book of Souls,Speed of Light,2015,0.176,0.974,7,-5.778,0,0.132,4.19e-4,2.62e-5,0.107,0.334,185.491,4,301745
Iron Maiden,The Book of Souls,The Great Unknown,2015,0.211,0.897,2,-6.629,1,0.201,0.0195,1.89e-4,0.108,0.0702,92.082,4,397655
Iron Maiden,The Book of Souls,The Red and the Black,2015,0.275,0.932,4,-5.54,0,0.0865,0.00176,0.109,0.116,0.377,114.008,4,813713
Iron Maiden,The Book of Souls,When the River Runs Deep,2015,0.271,0.947,9,-5.424,1,0.0749,0.00252,3.21e-5,0.119,0.393,128.747,4,352882
Iron Maiden,The Book of Souls,The Book of Souls,2015,0.198,0.935,4,-5.505,0,0.0968,0.00383,8.16e-5,0.102,0.359,80.875,4,627626
Iron Maiden,The Book of Souls,Death or Glory,2015,0.181,0.974,9,-5.493,1,0.162,3.65e-4,3.47e-5,0.364,0.316,176.088,4,312867
Iron Maiden,The Book of Souls,Shadows of the Valley,2015,0.231,0.977,4,-4.918,0,0.11,0.00174,3.84e-5,0.111,0.284,149.675,4,452478
Iron Maiden,The Book of Souls,Tears of a Clown,2015,0.311,0.874,9,-5.327,0,0.0449,0.00696,1.17e-5,0.0861,0.503,95.194,4,298886
Iron Maiden,The Book of Souls,The Man of Sorrows,2015,0.441,0.78,2,-5.488,0,0.0418,0.0242,6.34e-5,0.23,0.291,110.18,4,387542
Iron Maiden,The Book of Souls,Empire of the Clouds,2015,0.249,0.789,4,-6.15,0,0.0496,0.0165,0.00239,0.104,0.19,76.293,4,1081316
Iron Maiden,The Final Frontier,Satellite 15,2010,0.265,0.873,9,-6.411,1,0.0682,5.84e-4,0.00148,0.113,0.435,133.376,4,520946
Iron Maiden,The Final Frontier,El Dorado,2010,0.265,0.92,11,-7.012,1,0.0965,4.59e-5,0.00305,0.117,0.436,155.14,4,408786
Iron Maiden,The Final Frontier,Mother Of Mercy,2010,0.309,0.9,2,-6.839,1,0.0625,0.00296,1.2e-4,0.0486,0.364,106.055,4,320133
Iron Maiden,The Final Frontier,Coming Home,2010,0.332,0.887,4,-6.655,0,0.0537,1.8e-4,5.79e-5,0.278,0.467,79.761,4,352440
Iron Maiden,The Final Frontier,The Alchemist,2010,0.341,0.955,2,-6.104,1,0.0654,1.66e-4,1.92e-5,0.345,0.64,124.023,4,268986
Iron Maiden,The Final Frontier,Isle Of Avalon,2010,0.291,0.902,9,-7.217,1,0.0499,0.0103,0.00471,0.145,0.0739,151.904,3,546026
Iron Maiden,The Final Frontier,Starblind,2010,0.197,0.871,0,-6.788,1,0.0548,0.00476,0.00283,0.0875,0.217,81.904,4,468360
Iron Maiden,The Final Frontier,The Talisman,2010,0.216,0.834,2,-7.307,0,0.0763,0.00189,6.49e-6,0.0738,0.16,81.197,4,543106
Iron Maiden,The Final Frontier,The Man Who Would Be King,2010,0.212,0.828,11,-7.453,0,0.0559,0.00288,0.0228,0.12,0.273,86.628,4,508173
Iron Maiden,The Final Frontier,When The Wild Wind Blows,2010,0.305,0.759,4,-8.52,0,0.0462,0.00392,0.398,0.31,0.228,96.889,4,661760
Iron Maiden,The Final Frontier,Satellite 15.....The Final Frontier,2010,0.263,0.882,9,-5.871,1,0.0681,6.54e-4,0.00111,0.113,0.411,133.801,4,520293
Iron Maiden,The Final Frontier,El Dorado,2010,0.263,0.922,9,-6.189,1,0.0982,2.93e-5,0.00132,0.154,0.504,154.976,4,408853
Iron Maiden,The Final Frontier,Mother of Mercy,2010,0.306,0.912,2,-5.795,1,0.0712,0.00294,3.03e-5,0.0592,0.37,105.925,4,320040
Iron Maiden,The Final Frontier,Coming Home,2010,0.324,0.914,4,-5.373,0,0.0543,1.23e-4,4.86e-5,0.252,0.5,80.766,4,352453
Iron Maiden,The Final Frontier,The Alchemist,2010,0.313,0.966,7,-4.902,1,0.0688,1.09e-4,0,0.116,0.545,123.937,4,268906
Iron Maiden,The Final Frontier,Isle of Avalon,2010,0.295,0.93,9,-5.681,1,0.0553,0.0104,0.0018,0.174,0.065,150.602,4,546160
Iron Maiden,The Final Frontier,Starblind,2010,0.183,0.881,4,-6.52,0,0.064,0.00404,7.45e-4,0.0925,0.198,76.914,3,468320
Iron Maiden,The Final Frontier,The Talisman,2010,0.215,0.857,2,-6.229,0,0.0771,0.00176,0,0.0826,0.153,80.955,4,543186
Iron Maiden,The Final Frontier,The Man Who Would Be King,2010,0.199,0.848,11,-6.637,0,0.0671,0.00306,0.00497,0.13,0.285,174.363,4,507973
Iron Maiden,The Final Frontier,When the Wild Wind Blows,2010,0.296,0.8,4,-6.723,0,0.0423,0.00322,0.189,0.142,0.246,97.593,4,660760
Iron Maiden,A Matter of Life and Death,Different World,2006,0.406,0.975,4,-4.285,0,0.0937,3.25e-4,1.8e-4,0.613,0.602,91.826,4,258186
Iron Maiden,A Matter of Life and Death,These Colours Don't Run,2006,0.317,0.94,4,-5.33,0,0.114,0.00573,0.0033,0.112,0.228,103.396,4,412213
Iron Maiden,A Matter of Life and Death,Brighter Than a Thousand Suns,2006,0.294,0.949,0,-5.655,1,0.0851,0.00161,2.79e-5,0.101,0.266,125.892,4,526106
Iron Maiden,A Matter of Life and Death,The Pilgrim,2006,0.308,0.934,9,-4.145,0,0.0606,3.06e-4,0.0313,0.0863,0.541,97.848,4,307866
Iron Maiden,A Matter of Life and Death,The Longest Day,2006,0.259,0.925,4,-5.706,0,0.0713,0.00133,0.00289,0.128,0.337,101.244,4,468093
Iron Maiden,A Matter of Life and Death,Out of the Shadows,2006,0.213,0.839,4,-5.109,0,0.0406,0.00285,0.00195,0.279,0.288,81.402,4,336640
Iron Maiden,A Matter of Life and Death,The Reincarnation of Benjamin Breeg,2006,0.353,0.837,4,-5.551,0,0.0356,0.00268,5.33e-4,0.11,0.144,110.999,4,442053
Iron Maiden,A Matter of Life and Death,For the Greater Good of God,2006,0.316,0.908,4,-5.455,0,0.0779,0.00194,0.0578,0.111,0.3,107.743,4,565026
Iron Maiden,A Matter of Life and Death,Lord of Light,2006,0.281,0.901,4,-6.083,0,0.0739,0.00445,0.0044,0.166,0.0485,93.542,4,444653
Iron Maiden,A Matter of Life and Death,The Legacy,2006,0.328,0.928,2,-5.839,0,0.131,0.0471,6.81e-4,0.179,0.15,148.276,4,562946
Iron Maiden,Dance of Death,Wildest Dreams,2003,0.302,0.923,9,-4.621,1,0.0829,6.16e-4,8.28e-6,0.078,0.57,103.8,4,232106
Iron Maiden,Dance of Death,Rainmaker,2003,0.35,0.952,5,-4.485,1,0.14,0.00122,0,0.262,0.539,86.146,4,228493
Iron Maiden,Dance of Death,No More Lies,2003,0.176,0.845,5,-5.732,1,0.092,0.00546,0.00311,0.123,0.214,190.867,4,441786
Iron Maiden,Dance of Death,Montségur,2003,0.285,0.99,9,-3.512,1,0.201,7.09e-5,2.1e-4,0.118,0.215,78.537,4,350373
Iron Maiden,Dance of Death,Dance of Death,2003,0.311,0.876,4,-5.115,0,0.0936,0.0466,0.00442,0.134,0.296,124.584,4,516426
Iron Maiden,Dance of Death,Gates of Tomorrow,2003,0.245,0.963,7,-4.532,0,0.209,4.43e-4,6.2e-5,0.367,0.336,95.677,4,312120
Iron Maiden,Dance of Death,New Frontier,2003,0.316,0.967,2,-3.9,0,0.0884,1.77e-4,0,0.0685,0.521,104.3,4,304280
Iron Maiden,Dance of Death,Paschendale,2003,0.168,0.941,6,-5.303,0,0.0938,0.0119,2.04e-5,0.069,0.188,89.221,4,508200
Iron Maiden,Dance of Death,Face in the Sand,2003,0.272,0.971,4,-5.798,0,0.19,5.67e-4,2.7e-4,0.0927,0.214,101.282,4,390960
Iron Maiden,Dance of Death,Age of Innocence,2003,0.213,0.932,4,-5.357,0,0.0794,1.03e-4,0.00157,0.288,0.239,136.217,4,370506
Iron Maiden,Dance of Death,Journeyman,2003,0.188,0.628,9,-7.963,0,0.0353,0.183,0.00474,0.153,0.308,198.146,3,426306
Iron Maiden,Brave New World,The Wicker Man,2000,0.424,0.98,4,-4.33,0,0.154,8.55e-4,5.72e-6,0.129,0.296,101.502,4,275253
Iron Maiden,Brave New World,Ghost of the Navigator,2000,0.282,0.942,0,-4.904,1,0.092,0.00114,2.77e-5,0.0875,0.36,107.992,4,410026
Iron Maiden,Brave New World,Brave New World,2000,0.353,0.872,2,-5.185,0,0.0596,0.00651,5.32e-4,0.125,0.355,111.336,4,379066
Iron Maiden,Brave New World,Blood Brothers,2000,0.243,0.809,4,-6.316,0,0.0479,0.0501,0.0338,0.133,0.444,182.679,3,434293
Iron Maiden,Brave New World,The Mercenary,2000,0.266,0.939,9,-4.201,1,0.0789,0.00103,5.66e-5,0.173,0.512,100.073,4,282893
Iron Maiden,Brave New World,Dream of Mirrors,2000,0.295,0.764,9,-4.997,0,0.0538,0.0151,0,0.288,0.35,97.848,4,561213
Iron Maiden,Brave New World,The Fallen Angel,2000,0.274,0.985,4,-4.106,0,0.175,0.00355,1.29e-5,0.254,0.319,103.665,4,240666
Iron Maiden,Brave New World,The Nomad,2000,0.338,0.915,9,-3.98,1,0.0449,0.0712,2.66e-4,0.603,0.404,128.853,4,546040
Iron Maiden,Brave New World,Out of the Silent Planet,2000,0.209,0.932,4,-5.117,0,0.153,0.00936,3.27e-4,0.225,0.335,155.107,4,385653
Iron Maiden,Brave New World,The Thin Line Between Love and Hate,2000,0.236,0.955,6,-4.586,0,0.157,0.00105,0.243,0.623,0.312,167.749,4,507253
Iron Maiden,Virtual XI,Futureal,1998,0.398,0.99,4,-3.208,0,0.0841,0.0061,0.00292,0.314,0.706,99.785,4,175120
Iron Maiden,Virtual XI,The Angel and the Gambler,1998,0.311,0.822,2,-6.284,1,0.0438,0.102,0.00195,0.097,0.376,159.622,4,592720
Iron Maiden,Virtual XI,Lightning Strikes Twice,1998,0.219,0.959,7,-4.115,1,0.226,0.105,6.51e-5,0.23,0.385,184.344,4,290200
Iron Maiden,Virtual XI,The Clansman,1998,0.257,0.683,2,-6.67,1,0.0495,0.15,0.0111,0.116,0.177,154.106,4,539786
Iron Maiden,Virtual XI,When Two Worlds Collide,1998,0.267,0.908,11,-4.077,0,0.0672,0.0255,6.53e-5,0.148,0.346,139.465,4,377133
Iron Maiden,Virtual XI,The Educated Fool,1998,0.358,0.894,4,-6.01,0,0.124,0.153,0.00202,0.113,0.244,96.765,4,404800
Iron Maiden,Virtual XI,Don't Look to the Eyes of a Stranger,1998,0.351,0.788,8,-5.451,0,0.0537,0.0341,0.031,0.0844,0.473,152.217,3,483653
Iron Maiden,Virtual XI,Como Estais Amigos,1998,0.172,0.665,2,-3.938,0,0.0311,0.0958,8.65e-4,0.122,0.148,87.956,4,330093
Iron Maiden,The X Factor,Sign of the Cross,1995,0.348,0.824,4,-7.718,0,0.048,0.0329,0.654,0.112,0.0903,100.816,4,676986
Iron Maiden,The X Factor,Lord of the Flies,1995,0.305,0.863,6,-6.771,0,0.0427,0.0351,0.00138,0.2,0.331,163.613,4,303626
Iron Maiden,The X Factor,Man on the Edge,1995,0.377,0.97,9,-5.408,0,0.155,0.00414,0.00606,0.092,0.168,137.5,4,253800
Iron Maiden,The X Factor,Fortunes of War,1995,0.363,0.624,4,-9.045,0,0.0691,0.275,0.215,0.115,0.256,169.954,4,443586
Iron Maiden,The X Factor,Look for the Truth,1995,0.363,0.637,4,-8.47,0,0.0462,0.185,0.00103,0.101,0.093,98.325,4,310066
Iron Maiden,The X Factor,The Aftermath,1995,0.392,0.679,9,-6.693,0,0.0449,0.0447,0.00172,0.0999,0.224,123.543,4,381106
Iron Maiden,The X Factor,Judgement of Heaven,1995,0.328,0.949,4,-7.106,1,0.0661,0.00412,0.00486,0.0932,0.462,176.558,4,312306
Iron Maiden,The X Factor,Blood on the World's Hands,1995,0.366,0.841,0,-7.632,1,0.109,0.171,0.0965,0.122,0.379,167.432,3,357333
Iron Maiden,The X Factor,The Edge of Darkness,1995,0.376,0.774,4,-8.337,0,0.0928,0.0375,0.0138,0.0869,0.123,133.443,4,399493
Iron Maiden,The X Factor,2 AM,1995,0.319,0.621,7,-6.74,1,0.0308,0.0249,0.00164,0.0916,0.187,150.876,4,337586
Iron Maiden,The X Factor,The Unbeliever,1995,0.399,0.902,9,-6.228,1,0.0492,0.00881,0.0855,0.0819,0.427,127.745,3,490346
Iron Maiden,Fear of the Dark,Be Quick or Be Dead,1992,0.319,0.965,7,-4.354,0,0.0646,9.4e-5,0.00221,0.141,0.624,127.721,4,203653
Iron Maiden,Fear of the Dark,From Here to Eternity,1992,0.288,0.942,9,-4.669,1,0.0653,0.00161,6.3e-4,0.139,0.498,154.837,4,218133
Iron Maiden,Fear of the Dark,Afraid to Shoot Strangers,1992,0.279,0.817,6,-5.331,0,0.0458,0.00325,0.0346,0.0855,0.366,156.64,3,416560
Iron Maiden,Fear of the Dark,Fear Is the Key,1992,0.359,0.928,9,-4.157,0,0.0475,4.69e-4,7.32e-4,0.211,0.52,93.88,4,334813
Iron Maiden,Fear of the Dark,Childhood's End,1992,0.269,0.943,6,-4.71,0,0.0476,1.19e-4,0.0283,0.282,0.328,89.092,4,280893
Iron Maiden,Fear of the Dark,Wasting Love,1992,0.324,0.667,4,-5.373,0,0.0321,0.00562,3.56e-5,0.0873,0.29,142.503,4,351026
Iron Maiden,Fear of the Dark,The Fugitive,1992,0.311,0.942,2,-5.261,0,0.0374,0.00514,0.00324,0.656,0.578,89.929,4,293946
Iron Maiden,Fear of the Dark,Chains of Misery,1992,0.305,0.968,0,-3.669,1,0.0584,0.0018,1.33e-6,0.275,0.382,136.068,4,217306
Iron Maiden,Fear of the Dark,The Apparition,1992,0.592,0.929,9,-4.281,1,0.0378,9.85e-4,9.53e-5,0.0777,0.693,98.092,4,234786
Iron Maiden,Fear of the Dark,Judas Be My Guide,1992,0.261,0.957,2,-3.612,0,0.0573,1.45e-4,7.91e-6,0.0597,0.51,81.286,4,188800
Iron Maiden,Fear of the Dark,Weekend Warrior,1992,0.359,0.938,7,-4.606,1,0.0682,0.00707,0,0.296,0.759,135.054,4,339493
Iron Maiden,Fear of the Dark,Fear of the Dark,1992,0.308,0.866,2,-5.671,0,0.059,7.39e-4,0.00141,0.232,0.227,109.825,4,438120
Iron Maiden,No Prayer for the Dying,Tailgunner,1990,0.373,0.946,11,-3.728,1,0.045,0.0475,1.56e-4,0.187,0.577,103.595,4,254133
Iron Maiden,No Prayer for the Dying,Holy Smoke,1990,0.243,0.983,2,-3.908,1,0.159,0.022,0,0.0451,0.474,165.51,4,229026
Iron Maiden,No Prayer for the Dying,No Prayer for the Dying,1990,0.272,0.925,4,-4.786,0,0.0898,0.034,0.00281,0.217,0.583,108.631,4,263213
Iron Maiden,No Prayer for the Dying,Public Enema Number One,1990,0.166,0.974,0,-4.29,1,0.106,0.0248,0,0.174,0.6,168.765,4,253600
Iron Maiden,No Prayer for the Dying,Fates Warning,1990,0.262,0.983,4,-3.986,0,0.262,0.0246,8.02e-6,0.0512,0.139,143.401,4,250506
Iron Maiden,No Prayer for the Dying,The Assassin,1990,0.272,0.967,0,-4.474,1,0.0618,0.0487,9.32e-4,0.233,0.599,97.89,4,257959
Iron Maiden,No Prayer for the Dying,Run Silent Run Deep,1990,0.324,0.914,4,-4.68,0,0.102,0.11,4.83e-6,0.107,0.406,116.741,4,274800
Iron Maiden,No Prayer for the Dying,Hooks in You,1990,0.186,0.95,9,-5.147,1,0.118,0.0392,2.17e-5,0.288,0.544,166.677,4,246933
Iron Maiden,No Prayer for the Dying,Bring Your Daughter... to the Slaughter,1990,0.281,0.916,9,-4.676,1,0.0655,0.0282,3.16e-6,0.157,0.532,146.645,4,283693
Iron Maiden,No Prayer for the Dying,Mother Russia,1990,0.296,0.859,2,-5.491,0,0.0457,0.365,0.0607,0.133,0.39,94.099,4,332000
Iron Maiden,Seventh Son of a Seventh Son,Moonchild,1988,0.266,0.96,9,-5.108,1,0.188,0.0716,2.84e-6,0.232,0.244,129.706,4,340573
Iron Maiden,Seventh Son of a Seventh Son,Infinite Dreams,1988,0.196,0.962,4,-4.533,0,0.0955,0.0269,4.39e-5,0.148,0.659,78.783,4,369373
Iron Maiden,Seventh Son of a Seventh Son,Can I Play with Madness,1988,0.313,0.981,2,-3.491,1,0.0981,0.0891,0,0.264,0.631,140.56,1,211253
Iron Maiden,Seventh Son of a Seventh Son,The Evil That Men Do,1988,0.255,0.977,4,-4.672,0,0.11,0.00852,2.8e-6,0.0776,0.31,161.738,4,274213
Iron Maiden,Seventh Son of a Seventh Son,Seventh Son of a Seventh Son,1988,0.243,0.872,4,-6.058,0,0.0523,0.164,0.0175,0.158,0.0948,105.828,4,594080
Iron Maiden,Seventh Son of a Seventh Son,The Prophecy,1988,0.264,0.828,2,-6.195,0,0.0479,0.208,7.4e-5,0.133,0.21,142.589,1,305760
Iron Maiden,Seventh Son of a Seventh Son,The Clairvoyant,1988,0.374,0.944,7,-3.746,1,0.106,0.0623,2.13e-5,0.171,0.467,102.195,4,267293
Iron Maiden,Seventh Son of a Seventh Son,Only the Good Die Young,1988,0.18,0.975,4,-3.968,0,0.184,0.118,0,0.223,0.275,172.063,4,282746
Iron Maiden,Somewhere in Time,Caught Somewhere in Time,1986,0.238,0.987,4,-4.408,0,0.168,0.00218,0.0175,0.107,0.343,174.124,4,447333
Iron Maiden,Somewhere in Time,Wasted Years,1986,0.314,0.959,4,-4.657,0,0.0908,0.0263,1.48e-4,0.161,0.492,154.221,4,309640
Iron Maiden,Somewhere in Time,Sea of Madness,1986,0.328,0.985,11,-5.04,0,0.0926,0.0147,2.74e-4,0.143,0.276,144.413,4,344026
Iron Maiden,Somewhere in Time,Heaven Can Wait,1986,0.302,0.982,7,-3.901,1,0.0893,0.0221,0.00267,0.104,0.476,107.218,4,443600
Iron Maiden,Somewhere in Time,The Loneliness of the Long Distance Runner,1986,0.189,0.991,4,-4.332,0,0.15,0.00148,0.199,0.137,0.447,185.156,4,393293
Iron Maiden,Somewhere in Time,Stranger in a Strange Land,1986,0.286,0.913,9,-5.047,1,0.0662,0.155,0.00102,0.0985,0.514,109.698,4,346666
Iron Maiden,Somewhere in Time,Deja Vu,1986,0.208,0.981,5,-4.341,0,0.112,0.00308,0.0271,0.0836,0.563,189.523,4,298520
Iron Maiden,Somewhere in Time,Alexander the Great (356-323 B.C.),1986,0.454,0.944,4,-5.003,0,0.0849,0.084,0.0119,0.11,0.288,113.321,4,517093
Iron Maiden,Powerslave,Aces High,1984,0.3,0.936,2,-5.399,1,0.0456,0.0337,0.021,0.158,0.756,133.065,4,271906
Iron Maiden,Powerslave,2 Minutes to Midnight,1984,0.446,0.97,9,-5.004,0,0.0508,0.00754,2.75e-4,0.199,0.595,94.233,4,363586
Iron Maiden,Powerslave,Losfer Words (Big 'Orra),1984,0.354,0.98,7,-5.028,1,0.0502,7.85e-4,0.858,0.173,0.579,154.623,4,255373
Iron Maiden,Powerslave,Flash of the Blade,1984,0.392,0.963,7,-4.826,1,0.0469,0.00854,0.00234,0.228,0.653,110.695,4,245573
Iron Maiden,Powerslave,The Duellists,1984,0.345,0.971,2,-5.317,1,0.0465,0.0112,0.249,0.418,0.633,80.125,4,368013
Iron Maiden,Powerslave,Back in the Village,1984,0.347,0.98,7,-4.614,1,0.0706,0.00261,3.02e-4,0.246,0.551,131.791,4,302880
Iron Maiden,Powerslave,Powerslave,1984,0.3,0.974,11,-5.341,0,0.104,0.0289,0.0492,0.242,0.331,136.138,4,431520
Iron Maiden,Powerslave,Rime of the Ancient Mariner,1984,0.39,0.932,2,-6.558,1,0.0666,0.0986,0.00961,0.322,0.143,112.034,4,818693
Iron Maiden,Piece of Mind,Where Eagles Dare,1983,0.407,0.965,4,-5.292,0,0.0944,0.0259,0.219,0.156,0.467,112.891,3,372760
Iron Maiden,Piece of Mind,Revelations,1983,0.304,0.845,2,-5.632,1,0.0788,0.189,0.00106,0.344,0.438,90.374,4,409626
Iron Maiden,Piece of Mind,Flight of Icarus,1983,0.368,0.917,6,-4.829,0,0.0772,0.147,1.21e-4,0.169,0.343,110.455,4,230760
Iron Maiden,Piece of Mind,Die with Your Boots On,1983,0.245,0.947,5,-5.026,1,0.114,0.406,1.21e-6,0.272,0.537,174.78,4,327253
Iron Maiden,Piece of Mind,The Trooper,1983,0.285,0.908,4,-4.601,0,0.0705,0.0318,0.00909,0.311,0.669,159.756,4,252733
Iron Maiden,Piece of Mind,Still Life,1983,0.241,0.827,9,-6.148,0,0.19,0.242,4.67e-5,0.559,0.173,158.996,4,297013
Iron Maiden,Piece of Mind,Quest for Fire,1983,0.371,0.894,4,-4.68,0,0.0496,0.159,3.13e-6,0.2,0.583,124.614,4,222653
Iron Maiden,Piece of Mind,Sun and Steel,1983,0.295,0.921,2,-5.343,1,0.119,0.244,1.95e-6,0.172,0.643,168.683,4,207506
Iron Maiden,Piece of Mind,To Tame a Land,1983,0.233,0.864,4,-6.188,0,0.0465,0.467,0.345,0.143,0.229,95.853,4,448746
Iron Maiden,The Number of the Beast,Invaders,1982,0.439,0.937,4,-5.41,0,0.0493,0.0175,0.0252,0.496,0.684,111.794,4,203386
Iron Maiden,The Number of the Beast,Children of the Damned,1982,0.286,0.775,4,-6.607,0,0.0335,0.0233,0.177,0.12,0.363,96.707,4,275280
Iron Maiden,The Number of the Beast,The Prisoner,1982,0.306,0.88,9,-5.535,1,0.0485,0.0128,0.653,0.0964,0.617,106.964,4,362520
Iron Maiden,The Number of the Beast,22 Acacia Avenue,1982,0.305,0.907,0,-5.866,1,0.0619,0.0359,0.0593,0.102,0.544,112.737,4,396760
Iron Maiden,The Number of the Beast,The Number of the Beast,1982,0.409,0.89,0,-6.839,1,0.0558,0.088,0.107,0.0935,0.268,100.409,4,290586
Iron Maiden,The Number of the Beast,Run to the Hills,1982,0.249,0.943,0,-5.188,1,0.0669,0.0286,0.00401,0.162,0.458,173.671,4,233506
Iron Maiden,The Number of the Beast,Gangland,1982,0.277,0.939,2,-5.199,0,0.0716,0.0138,0.0452,0.0513,0.448,123.699,4,229120
Iron Maiden,The Number of the Beast,Hallowed Be Thy Name,1982,0.313,0.882,0,-6.215,1,0.0355,0.0346,0.338,0.45,0.3,103.981,4,431093
Iron Maiden,Killers,The Ides of March,1981,0.296,0.744,9,-6.064,1,0.0366,0.00402,0.877,0.121,0.333,97.328,4,105266
Iron Maiden,Killers,Wrathchild,1981,0.438,0.93,9,-4.959,1,0.0484,0.0188,0.349,0.196,0.782,104.812,4,175053
Iron Maiden,Killers,Murders in the Rue Morgue,1981,0.272,0.925,9,-6.126,1,0.0545,0.00356,0.00198,0.0742,0.425,106.505,4,258880
Iron Maiden,Killers,Another Life,1981,0.201,0.959,2,-5.13,1,0.14,0.00113,0.422,0.177,0.666,184.314,4,203506
Iron Maiden,Killers,Genghis Khan,1981,0.291,0.894,0,-7.223,1,0.0454,1.49e-4,0.887,0.11,0.557,112.897,4,187546
Iron Maiden,Killers,Innocent Exile,1981,0.257,0.937,0,-5.195,1,0.0693,0.00119,0.507,0.184,0.652,101.224,4,233066
Iron Maiden,Killers,Killers,1981,0.219,0.939,9,-5.333,1,0.0935,0.00547,0.00149,0.0529,0.395,83.739,4,301666
Iron Maiden,Killers,Prodigal Son,1981,0.3,0.685,9,-7.064,1,0.0331,0.00407,0.227,0.0873,0.317,110.272,3,373266
Iron Maiden,Killers,Purgatory,1981,0.29,0.965,11,-6.146,0,0.147,9.16e-4,0.0409,0.762,0.531,70.711,4,200560
Iron Maiden,Killers,Drifter,1981,0.34,0.974,0,-5.114,1,0.106,4.73e-4,0.0928,0.373,0.475,101.276,4,288946
Iron Maiden,Iron Maiden,Prowler,1980,0.295,0.934,4,-5.231,0,0.0668,7.87e-4,0.0029,0.482,0.32,96.636,4,235400
Iron Maiden,Iron Maiden,Remember Tomorrow,1980,0.264,0.712,0,-7.358,1,0.0331,0.00169,0.0468,0.131,0.548,97.885,4,328920
Iron Maiden,Iron Maiden,Running Free,1980,0.478,0.823,11,-5.346,0,0.206,7.77e-4,0.229,0.169,0.764,171.263,4,197573
Iron Maiden,Iron Maiden,Phantom of the Opera,1980,0.319,0.952,4,-5.315,0,0.0723,6.28e-5,0.154,0.918,0.228,109.275,4,441466
Iron Maiden,Iron Maiden,Transylvania,1980,0.221,0.983,0,-3.204,1,0.15,9.27e-4,0.971,0.881,0.214,107.26,4,244853
Iron Maiden,Iron Maiden,Strange World,1980,0.36,0.538,4,-7.334,0,0.0324,0.0193,0.0518,0.364,0.194,125.683,3,347346
Iron Maiden,Iron Maiden,Charlotte the Harlot,1980,0.358,0.958,0,-4.117,1,0.133,0.0104,8.2e-6,0.406,0.463,106.922,4,253053
Iron Maiden,Iron Maiden,Iron Maiden,1980,0.322,0.988,0,-4.074,1,0.232,7.31e-4,0.00411,0.451,0.277,101.559,4,214360
